{"cameraMode":{"drawMode":0,"name":"Shaded","section":"Shading Mode"},"sceneLighting":true,"audioPlay":false,"sceneViewState":{"showFog":true,"showMaterialUpdate":false,"showSkybox":true,"showFlares":true,"showImageEffects":true,"showParticleSystems":true},"in2DMode":false,"pivot":{"x":677.7157592773438,"y":1125.15283203125,"z":-116.0125732421875},"rotation":{"x":-0.09346110373735428,"y":-0.011950433254241944,"z":0.0011952151544392109,"w":-0.9955997467041016},"size":1089.07958984375,"orthographic":false}