{"cameraMode":{"drawMode":0,"name":"Shaded","section":"Shading Mode"},"sceneLighting":true,"audioPlay":false,"sceneViewState":{"showFog":true,"showMaterialUpdate":false,"showSkybox":false,"showFlares":true,"showImageEffects":true,"showParticleSystems":true},"in2DMode":false,"pivot":{"x":-1.5,"y":0.46000003814697268,"z":0.7000002861022949},"rotation":{"x":-0.05373719334602356,"y":0.09511692076921463,"z":-0.005074235610663891,"w":-0.994032621383667},"size":1.1797943115234376,"orthographic":false}